{"cameraMode":{"drawMode":0,"name":"Shaded","section":"Shading Mode"},"sceneLighting":false,"audioPlay":false,"sceneViewState":{"showFog":true,"showMaterialUpdate":false,"showSkybox":false,"showFlares":true,"showImageEffects":true,"showParticleSystems":true},"in2DMode":false,"pivot":{"x":-0.4580860137939453,"y":-0.03565025329589844,"z":12.814774513244629},"rotation":{"x":-0.07617825269699097,"y":0.8512239456176758,"z":-0.12891975045204163,"w":-0.5029855966567993},"size":20.40821647644043,"orthographic":false}